Metric,Value
R2,0.20246610858653957
RMSE,59.48822943050134
