Metric,Value
R2,-0.43849943053528206
RMSE,79.2887176953087
