Metric,Value
R2,-0.38387455470382315
RMSE,77.06649921053457
