Metric,Value
R2,-19.11881303667692
RMSE,295.9599501679311
