{
    "target": "no2",
    "target_index": 1,
    "phase": "validation",
    "timestamp": "20250414-055014",
    "parameter_sets": [
        "set1_robust",
        "set2_regularized",
        "set3_outlier_robust",
        "set4_extreme_events",
        "set5_ensemble_diverse"
    ],
    "metrics": {
        "set1_robust": {
            "overall_r2": 0.5574302389727435,
            "overall_mae": 7.398075545768226,
            "overall_rmse": 19.33292618958807
        },
        "set2_regularized": {
            "overall_r2": 0.578455172691078,
            "overall_mae": 7.683508134402879,
            "overall_rmse": 18.868118998362604
        },
        "set3_outlier_robust": {
            "overall_r2": 0.2868509260512414,
            "overall_mae": 11.362013915777428,
            "overall_rmse": 24.541261643647637
        },
        "set4_extreme_events": {
            "overall_r2": 0.5562671656099434,
            "overall_mae": 7.758947445687347,
            "overall_rmse": 19.358312987091768
        },
        "set5_ensemble_diverse": {
            "overall_r2": 0.5682612148628832,
            "overall_mae": 8.138044928333644,
            "overall_rmse": 19.094894222634622
        }
    },
    "time_features_added": true,
    "best_parameter_set": "set2_regularized",
    "best_r2": 0.578455172691078
}