{
    "target": "no3",
    "target_index": 1,
    "phase": "validation",
    "timestamp": "20250414-121146",
    "parameter_sets": [
        "set1_robust",
        "set2_regularized",
        "set3_outlier_robust",
        "set4_extreme_events",
        "set5_ensemble_diverse"
    ],
    "metrics": {
        "set1_robust": {
            "overall_r2": 0.7060355707899306,
            "overall_mae": 8.278172552466076,
            "overall_rmse": 12.962139046464516
        },
        "set2_regularized": {
            "overall_r2": 0.6560418072889639,
            "overall_mae": 9.378282292033722,
            "overall_rmse": 14.02110087534655
        },
        "set3_outlier_robust": {
            "overall_r2": 0.6070034171899408,
            "overall_mae": 9.11937554593315,
            "overall_rmse": 14.987309355864
        },
        "set4_extreme_events": {
            "overall_r2": 0.7022136211453751,
            "overall_mae": 8.452343851230749,
            "overall_rmse": 13.046129916970116
        },
        "set5_ensemble_diverse": {
            "overall_r2": 0.648734901517865,
            "overall_mae": 9.4828527971633,
            "overall_rmse": 14.169247456645653
        }
    },
    "time_features_added": true,
    "best_parameter_set": "set1_robust",
    "best_r2": 0.7060355707899306
}