{
    "target": "no4",
    "target_index": 0,
    "phase": "validation",
    "timestamp": "20250414-152120",
    "parameter_sets": [
        "set1_robust",
        "set2_regularized",
        "set3_outlier_robust",
        "set4_extreme_events",
        "set5_ensemble_diverse"
    ],
    "metrics": {
        "set1_robust": {
            "overall_r2": 0.715866378213301,
            "overall_mae": 5.50197911690111,
            "overall_rmse": 11.568968165142747
        },
        "set2_regularized": {
            "overall_r2": 0.46421111652166436,
            "overall_mae": 8.02046565118639,
            "overall_rmse": 15.886570768834426
        },
        "set3_outlier_robust": {
            "overall_r2": 0.3079341152727114,
            "overall_mae": 9.215212877502669,
            "overall_rmse": 18.055396624138407
        },
        "set4_extreme_events": {
            "overall_r2": 0.6887305184048731,
            "overall_mae": 6.055262464460981,
            "overall_rmse": 12.108813314538711
        },
        "set5_ensemble_diverse": {
            "overall_r2": 0.6910203400351758,
            "overall_mae": 6.95289561011265,
            "overall_rmse": 12.064192486836973
        }
    },
    "time_features_added": true,
    "best_parameter_set": "set1_robust",
    "best_r2": 0.715866378213301
}