{
    "target": "no4",
    "target_index": 1,
    "phase": "validation",
    "timestamp": "20250414-182452",
    "parameter_sets": [
        "set1_robust",
        "set2_regularized",
        "set3_outlier_robust",
        "set4_extreme_events",
        "set5_ensemble_diverse"
    ],
    "metrics": {
        "set1_robust": {
            "overall_r2": 0.6798982605847328,
            "overall_mae": 8.171356403086957,
            "overall_rmse": 11.150641482740873
        },
        "set2_regularized": {
            "overall_r2": 0.5078240151276523,
            "overall_mae": 9.083639113821354,
            "overall_rmse": 13.82662056666366
        },
        "set3_outlier_robust": {
            "overall_r2": 0.631077909232761,
            "overall_mae": 8.895483191199995,
            "overall_rmse": 11.97079975565367
        },
        "set4_extreme_events": {
            "overall_r2": 0.6776168652882855,
            "overall_mae": 8.33016796161439,
            "overall_rmse": 11.190306770579083
        },
        "set5_ensemble_diverse": {
            "overall_r2": 0.6615952383479518,
            "overall_mae": 8.84819860987631,
            "overall_rmse": 11.46500023976004
        }
    },
    "time_features_added": true,
    "best_parameter_set": "set1_robust",
    "best_r2": 0.6798982605847328
}