{
    "target": "no5",
    "target_index": 0,
    "phase": "validation",
    "timestamp": "20250414-213745",
    "parameter_sets": [
        "set1_robust",
        "set2_regularized",
        "set3_outlier_robust",
        "set4_extreme_events",
        "set5_ensemble_diverse"
    ],
    "metrics": {
        "set1_robust": {
            "overall_r2": 0.7931126194123292,
            "overall_mae": 5.132548494890479,
            "overall_rmse": 13.344352797721141
        },
        "set2_regularized": {
            "overall_r2": 0.5574202689182459,
            "overall_mae": 7.636958380057825,
            "overall_rmse": 19.517593793878074
        },
        "set3_outlier_robust": {
            "overall_r2": 0.5634930315894762,
            "overall_mae": 8.177845686115187,
            "overall_rmse": 19.383228049679392
        },
        "set4_extreme_events": {
            "overall_r2": 0.7638899248385206,
            "overall_mae": 6.262183681736332,
            "overall_rmse": 14.25567463056279
        },
        "set5_ensemble_diverse": {
            "overall_r2": 0.6674765707268592,
            "overall_mae": 8.211730892545317,
            "overall_rmse": 16.91771249488536
        }
    },
    "time_features_added": true,
    "best_parameter_set": "set1_robust",
    "best_r2": 0.7931126194123292
}