Metric,Value
R2,0.4631907078002656
RMSE,48.47468624640881
