{
  "single_step": {
    "mae": 17.831146240234375,
    "rmse": 61.94242744472459,
    "r2": 0.0,
    "method": "single-step"
  },
  "duration": 83.84535622596741
}