{
  "single_step": {
    "mae": 0.354644775390625,
    "rmse": 0.49185729682018237,
    "r2": 0.0,
    "method": "single-step"
  },
  "duration": 81.7372031211853
}