{
  "single_step": {
    "mae": 5.754058837890625,
    "rmse": 15.206523745691577,
    "r2": 0.0,
    "method": "single-step"
  },
  "duration": 73.91408395767212
}