{
  "single_step": {
    "mae": 52.374664306640625,
    "rmse": 210.55628029483867,
    "r2": 0.0,
    "method": "single-step"
  },
  "duration": 75.30139875411987
}