{
  "single_step": {
    "mae": 7.68682861328125,
    "rmse": 14.61897367842048,
    "r2": 0.0,
    "method": "single-step"
  },
  "duration": 95.01661658287048
}