{
  "single_step": {
    "mae": 0.364166259765625,
    "rmse": 0.6382978785016857,
    "r2": 0.0,
    "method": "single-step"
  },
  "duration": 75.90589308738708
}