{
  "single_step": {
    "mae": 1.9761962890625,
    "rmse": 4.248494617938224,
    "r2": 0.0,
    "method": "single-step"
  },
  "duration": 78.19050288200378
}