Metric,Value
R2,-371.72693496226697
RMSE,1350.4682445908443
