Metric,Value
R2,0.2652391944831869
RMSE,59.96657793904819
