Metric,Value
RMSE,1241.9107139846935
MAE,986.0601786774947
R2,-312.03004306826097
