{
  "avg_mae": 9.45462324034493,
  "avg_rmse": 30.41427790340255,
  "avg_r2": -4337.682756288997,
  "std_mae": 24.162826069206286,
  "std_rmse": 80.07381118255155,
  "std_r2": 30844.773234708035,
  "min_mae": 0.079864501953125,
  "min_rmse": 0.12222024483718781,
  "max_r2": 0.0
}