{
  "single_step": {
    "mae": 27.4625244140625,
    "rmse": 96.76483655620981,
    "r2": 0.0,
    "method": "single-step"
  },
  "duration": 32.84004878997803
}