{
  "single_step": {
    "mae": 0.195556640625,
    "rmse": 0.3259854269222381,
    "r2": 0.0,
    "method": "single-step"
  },
  "duration": 35.408955097198486
}