{
  "single_step": {
    "mae": 0.812591552734375,
    "rmse": 0.958884301956166,
    "r2": -5.974267482757568,
    "method": "single-step"
  },
  "duration": 33.92666006088257
}