{
  "single_step": {
    "mae": 0.72479248046875,
    "rmse": 0.8328841946143151,
    "r2": -1.78566575050354,
    "method": "single-step"
  },
  "duration": 34.11922788619995
}