{
  "single_step": {
    "mae": 2.664398193359375,
    "rmse": 7.988338076662178,
    "r2": 0.0,
    "method": "single-step"
  },
  "duration": 32.972046852111816
}