{
  "single_step": {
    "mae": 2.2559814453125,
    "rmse": 3.0707782265951984,
    "r2": -45.647300720214844,
    "method": "single-step"
  },
  "duration": 37.53028583526611
}