{
  "single_step": {
    "mae": 1.14788818359375,
    "rmse": 2.0238781305646665,
    "r2": -30.06954574584961,
    "method": "single-step"
  },
  "duration": 32.22823905944824
}