{
  "single_step": {
    "mae": 0.92132568359375,
    "rmse": 1.4320399207619046,
    "r2": 0.0,
    "method": "single-step"
  },
  "duration": 33.0732901096344
}