{
  "single_step": {
    "mae": 0.11480712890625,
    "rmse": 0.13673902088843043,
    "r2": 0.0,
    "method": "single-step"
  },
  "duration": 32.13483715057373
}