{
  "single_step": {
    "mae": 0.262847900390625,
    "rmse": 0.3042640188399366,
    "r2": 0.0,
    "method": "single-step"
  },
  "duration": 33.91512393951416
}