{
  "single_step": {
    "mae": 1.040313720703125,
    "rmse": 1.8867941894613227,
    "r2": 0.0,
    "method": "single-step"
  },
  "duration": 32.818922996520996
}