{
  "single_step": {
    "mae": 7.972015380859375,
    "rmse": 26.860391878293004,
    "r2": -2884.922607421875,
    "method": "single-step"
  },
  "duration": 34.91236424446106
}