{
  "single_step": {
    "mae": 0.45703125,
    "rmse": 0.5424506920059661,
    "r2": 0.0,
    "method": "single-step"
  },
  "duration": 34.8607759475708
}