{
  "single_step": {
    "mae": 0.235870361328125,
    "rmse": 0.2903609624845037,
    "r2": 0.0,
    "method": "single-step"
  },
  "duration": 33.978257179260254
}