{
  "single_step": {
    "mae": 0.389434814453125,
    "rmse": 0.6924824286548669,
    "r2": 0.0,
    "method": "single-step"
  },
  "duration": 32.61362099647522
}