{
  "single_step": {
    "mae": 103.68704223632812,
    "rmse": 292.57815462282895,
    "r2": 0.0,
    "method": "single-step"
  },
  "duration": 33.35559391975403
}