{
  "single_step": {
    "mae": 1.994720458984375,
    "rmse": 8.720170975155103,
    "r2": 0.0,
    "method": "single-step"
  },
  "duration": 33.36355805397034
}