{
  "single_step": {
    "mae": 0.884857177734375,
    "rmse": 2.483166382658654,
    "r2": 0.0,
    "method": "single-step"
  },
  "duration": 32.795926094055176
}