{
  "single_step": {
    "mae": 30.5302734375,
    "rmse": 82.85147078318828,
    "r2": -226744.515625,
    "method": "single-step"
  },
  "duration": 33.97916102409363
}