{
  "single_step": {
    "mae": 0.284271240234375,
    "rmse": 0.3378081910231722,
    "r2": 0.0,
    "method": "single-step"
  },
  "duration": 32.14847469329834
}