{
  "single_step": {
    "mae": 23.59832763671875,
    "rmse": 132.24096879607697,
    "r2": 0.0,
    "method": "single-step"
  },
  "duration": 33.01132893562317
}