{
  "single_step": {
    "mae": 0.17767333984375,
    "rmse": 0.3444041184093822,
    "r2": 0.0,
    "method": "single-step"
  },
  "duration": 31.99673819541931
}