{
  "single_step": {
    "mae": 1.134307861328125,
    "rmse": 1.5391792214375024,
    "r2": 0.0,
    "method": "single-step"
  },
  "duration": 32.42145919799805
}