{
  "single_step": {
    "mae": 0.162994384765625,
    "rmse": 0.24713525936227554,
    "r2": 0.0,
    "method": "single-step"
  },
  "duration": 31.240844249725342
}