{
  "single_step": {
    "mae": 0.249359130859375,
    "rmse": 0.4069197708905714,
    "r2": -4.469603538513184,
    "method": "single-step"
  },
  "duration": 31.1622211933136
}