{
  "single_step": {
    "mae": 0.262847900390625,
    "rmse": 0.3042640188399366,
    "r2": 0.0,
    "method": "single-step"
  },
  "duration": 32.88699698448181
}