{
  "single_step": {
    "mae": 0.17242431640625,
    "rmse": 0.21341060865573272,
    "r2": 0.0,
    "method": "single-step"
  },
  "duration": 31.98406195640564
}