{
  "single_step": {
    "mae": 0.6591796875,
    "rmse": 1.43634451160934,
    "r2": 0.0,
    "method": "single-step"
  },
  "duration": 34.627845287323
}