{
  "single_step": {
    "mae": 0.86212158203125,
    "rmse": 1.6096896262165026,
    "r2": 0.0,
    "method": "single-step"
  },
  "duration": 33.66435980796814
}