{
  "single_step": {
    "mae": 0.463287353515625,
    "rmse": 1.0026742819837597,
    "r2": 0.0,
    "method": "single-step"
  },
  "duration": 33.18980622291565
}