{
  "single_step": {
    "mae": 86.33407592773438,
    "rmse": 204.56732158998418,
    "r2": 0.0,
    "method": "single-step"
  },
  "duration": 32.869751930236816
}