{
  "single_step": {
    "mae": 1.9852294921875,
    "rmse": 5.994048982070708,
    "r2": -143.278076171875,
    "method": "single-step"
  },
  "duration": 32.76651215553284
}