{
  "single_step": {
    "mae": 0.84783935546875,
    "rmse": 1.322044004634191,
    "r2": 0.0,
    "method": "single-step"
  },
  "duration": 34.56416893005371
}