{
  "single_step": {
    "mae": 2.234832763671875,
    "rmse": 4.549175296702354,
    "r2": 0.0,
    "method": "single-step"
  },
  "duration": 33.021806955337524
}