{
  "single_step": {
    "mae": 4.74041748046875,
    "rmse": 10.117647491956042,
    "r2": 0.0,
    "method": "single-step"
  },
  "duration": 31.538507223129272
}