{
  "single_step": {
    "mae": 1.4300537109375,
    "rmse": 5.500872802839344,
    "r2": 0.0,
    "method": "single-step"
  },
  "duration": 33.0191330909729
}