{
  "single_step": {
    "mae": 0.164794921875,
    "rmse": 0.3830251297836427,
    "r2": 0.0,
    "method": "single-step"
  },
  "duration": 32.81399607658386
}