{
  "single_step": {
    "mae": 3.30303955078125,
    "rmse": 7.665561789910225,
    "r2": 0.0,
    "method": "single-step"
  },
  "duration": 31.282541751861572
}