{
  "single_step": {
    "mae": 0.159210205078125,
    "rmse": 0.2786064417200447,
    "r2": 0.0,
    "method": "single-step"
  },
  "duration": 33.69851493835449
}