{
  "single_step": {
    "mae": 0.66241455078125,
    "rmse": 1.473681995741535,
    "r2": 0.0,
    "method": "single-step"
  },
  "duration": 33.03889799118042
}