{
  "single_step": {
    "mae": 0.56109619140625,
    "rmse": 0.7696869590964917,
    "r2": 0.0,
    "method": "single-step"
  },
  "duration": 33.41683006286621
}