{
  "single_step": {
    "mae": 79.06060791015625,
    "rmse": 304.0746978539977,
    "r2": 0.0,
    "method": "single-step"
  },
  "duration": 32.316396713256836
}