{
  "single_step": {
    "mae": 1.12420654296875,
    "rmse": 2.789894215072092,
    "r2": -35.22869873046875,
    "method": "single-step"
  },
  "duration": 33.24037718772888
}