{
  "single_step": {
    "mae": 0.740478515625,
    "rmse": 1.1045375716837555,
    "r2": 0.0,
    "method": "single-step"
  },
  "duration": 33.56562399864197
}