{
  "single_step": {
    "mae": 1.040130615234375,
    "rmse": 1.2266998700039917,
    "r2": 0.0,
    "method": "single-step"
  },
  "duration": 33.0227792263031
}