{
  "single_step": {
    "mae": 6.339080810546875,
    "rmse": 14.28554398571414,
    "r2": 0.0,
    "method": "single-step"
  },
  "duration": 35.4049711227417
}