{
  "single_step": {
    "mae": 0.6103515625,
    "rmse": 0.7574121656577553,
    "r2": -1.2946927547454834,
    "method": "single-step"
  },
  "duration": 34.04894185066223
}