{
  "single_step": {
    "mae": 0.079864501953125,
    "rmse": 0.12222024483718781,
    "r2": 0.0,
    "method": "single-step"
  },
  "duration": 31.552579879760742
}