{
  "single_step": {
    "mae": 0.80181884765625,
    "rmse": 1.1690578422463798,
    "r2": 0.0,
    "method": "single-step"
  },
  "duration": 33.324071168899536
}