{
  "single_step": {
    "mae": 93.81301879882812,
    "rmse": 365.8353881870916,
    "r2": 0.0,
    "method": "single-step"
  },
  "duration": 34.57553505897522
}