{
  "single_step": {
    "mae": 1.2178955078125,
    "rmse": 4.200681976172608,
    "r2": 0.0,
    "method": "single-step"
  },
  "duration": 34.049927949905396
}