{
  "single_step": {
    "mae": 0.339874267578125,
    "rmse": 0.41537652152991317,
    "r2": 0.0,
    "method": "single-step"
  },
  "duration": 32.087414026260376
}