{
  "single_step": {
    "mae": 0.719696044921875,
    "rmse": 1.2096873567542166,
    "r2": 0.0,
    "method": "single-step"
  },
  "duration": 31.146636724472046
}