{
  "single_step": {
    "mae": 1.26678466796875,
    "rmse": 2.0212534307239602,
    "r2": 0.0,
    "method": "single-step"
  },
  "duration": 31.990890979766846
}